Epochs,Train on,Evaluate on Hard,Evaluate on Soft
190,Hard,0.80363015830516815,1.7883014380931854
190,Soft,1.0438342988491058,1.2210852205753326
