Epochs,Train on,Evaluate on Hard,Evaluate on Soft
190,Hard,0.84574215114116669,1.7261571288108826
190,Soft,1.0396535098552704,1.3863082826137543
