Epochs,Train on,Evaluate on Hard,Evaluate on Soft
190,Hard,0.83356469869613647,1.7902903854846954
190,Soft,1.0380365252494812,1.2481057643890381
